[
  {
    "type": "audio",
    "id": "427101360",
    "title": "Shallow",
    "subtitle": "Lady Gaga & Bradley Cooper",
    "thumb": "../assets/img/c0.jpg",
    "uri": "https://itunes.apple.com/cn/album/shallow/id1434371867?i=1434371887",
    "previewurl": "https://audio-ssl.itunes.apple.com/apple-assets-us-std-000001/AudioPreview128/v4/03/78/b5/0378b505-0651-5d37-abaf-fdace32fa0a1/mzaf_4885861497912518049.plus.aac.p.m4a",
    "img": "../assets/img/b1.jpg",
    "category": "Pop",
    "tag": "USA"
  },
  {
    "type": "audio",
    "id": "440557235",
    "title": "Taki Taki",
    "subtitle": "DJ Snake Feat. Selena Gomez & Ozuna & Cardi B",
    "thumb": "../assets/img/c1.jpg",
    "uri": "https://itunes.apple.com/cn/album/taki-taki-feat-selena-gomez-ozuna-cardi-b/id1436781851?i=1436781869",
    "previewurl": "https://audio-ssl.itunes.apple.com/apple-assets-us-std-000001/AudioPreview128/v4/07/2c/59/072c59fe-549d-bd0e-f93d-3e4a1f673af5/mzaf_4035597378145374075.plus.aac.p.m4a",
    "img": "../assets/img/b2.jpg",
    "category": "Dance",
    "tag": "France"
  },
  {
    "type": "audio",
    "id": "435950080",
    "title": "Promises",
    "subtitle": "Calvin Harris & Sam Smith",
    "thumb": "../assets/img/c2.jpg",
    "uri": "https://itunes.apple.com/cn/album/promises/id1424361878?i=1424362622",
    "previewurl": "https://audio-ssl.itunes.apple.com/apple-assets-us-std-000001/AudioPreview128/v4/bd/28/a1/bd28a103-b17f-540a-eae3-9bfe992e2562/mzaf_6343854158099733867.plus.aac.p.m4a",
    "img": "../assets/img/b3.jpg",
    "category": "Dance",
    "tag": "United Kingdom"
  },
  {
    "type": "audio",
    "id": "428550515",
    "title": "Be Alright",
    "subtitle": "Dean Lewis",
    "thumb": "../assets/img/c3.jpg",
    "uri": "https://itunes.apple.com/cn/album/be-alright/id1400595841?i=1400596082",
    "previewurl": "https://audio-ssl.itunes.apple.com/apple-assets-us-std-000001/AudioPreview115/v4/4c/58/f4/4c58f4f0-ec84-c5e3-15ed-39beb0933e38/mzaf_3604425775820894823.plus.aac.p.m4a",
    "img": "../assets/img/b4.jpg",
    "category": "RAP",
    "tag": "Australia"
  },
  {
    "type": "audio",
    "id": "383727904",
    "title": "In My Mind",
    "subtitle": "Dynoro & Gigi D’Agostino",
    "thumb": "../assets/img/c4.jpg",
    "uri": "https://itunes.apple.com/cn/album/in-my-mind/id1390112814?i=1390113209",
    "previewurl": "https://audio-ssl.itunes.apple.com/apple-assets-us-std-000001/AudioPreview125/v4/91/65/e8/9165e84a-49ed-1728-54b4-32360df0eeea/mzaf_7952964905769903156.plus.aac.p.m4a",
    "img": "../assets/img/b5.jpg",
    "category": "Dance",
    "tag": "Italy"
  },
  {
    "type": "audio",
    "id": "441990739",
    "title": "Without Me",
    "subtitle": "Halsey",
    "thumb": "../assets/img/c5.jpg",
    "uri": "https://itunes.apple.com/cn/album/without-me/id1437572573?i=1437572583",
    "previewurl": "https://audio-ssl.itunes.apple.com/apple-assets-us-std-000001/AudioPreview118/v4/fa/cc/a3/facca3ab-51ea-11b8-e359-b2a200738fc5/mzaf_2669843299284584791.plus.aac.p.m4a",
    "img": "../assets/img/b6.jpg",
    "category": "Other",
    "tag": "USA"
  },
  {
    "type": "audio",
    "id": "430776855",
    "title": "Natural",
    "subtitle": "Imagine Dragons",
    "thumb": "../assets/img/c6.jpg",
    "uri": "https://itunes.apple.com/cn/album/natural/id1437948593?i=1437948594",
    "previewurl": "https://audio-ssl.itunes.apple.com/apple-assets-us-std-000001/AudioPreview128/v4/bb/45/0e/bb450e27-beb6-6006-3add-b01a40cad68d/mzaf_4073501669713213306.plus.aac.p.m4a",
    "img": "../assets/img/b7.jpg",
    "category": "other",
    "tag": "USA"
  },
  {
    "type": "audio",
    "id": "418888835",
    "title": "High Hopes",
    "subtitle": "Panic! At The Disco",
    "thumb": "../assets/img/c7.jpg",
    "uri": "https://itunes.apple.com/cn/album/high-hopes/id1361152002?i=1361152303",
    "previewurl": "https://audio-ssl.itunes.apple.com/apple-assets-us-std-000001/AudioPreview128/v4/eb/e4/2e/ebe42efd-bbce-75cd-63a2-5813637e25bb/mzaf_6529454398103897146.plus.aac.p.m4a",
    "img": "../assets/img/b8.jpg",
    "category": "other",
    "tag": "USA"
  },
  {
    "type": "audio",
    "id": "435160184",
    "title": "Happier",
    "subtitle": "Marshmello & Bastille",
    "thumb": "../assets/img/c8.jpg",
    "uri": "https://itunes.apple.com/cn/album/happier/id1424703172?i=1424704480",
    "previewurl": "https://audio-ssl.itunes.apple.com/apple-assets-us-std-000001/AudioPreview118/v4/9c/e6/fd/9ce6fd38-1225-6ac3-f7a6-da80cb50346e/mzaf_1582186890349153418.plus.aac.p.m4a",
    "img": "../assets/img/b9.jpg",
    "category": "Dance",
    "tag": "USA"
  },
  {
    "type": "audio",
    "id": "434628736",
    "title": "Thunderclouds",
    "subtitle": "LSD Feat. Sia & Diplo & Labrinth",
    "thumb": "../assets/img/c9.jpg",
    "uri": "https://itunes.apple.com/cn/album/thunderclouds-feat-sia-diplo-labrinth/id1420592739?i=1420593225",
    "previewurl": "https://audio-ssl.itunes.apple.com/apple-assets-us-std-000001/AudioPreview128/v4/1d/44/74/1d447462-1811-5cfd-90f7-13edea1193d9/mzaf_5901924055590298818.plus.aac.p.m4a",
    "img": "../assets/img/b10.jpg",
    "category": "Pop",
    "tag": "USA"
  },
  {
    "type": "audio",
    "id": "417333490",
    "title": "Girls Like You",
    "subtitle": "Maroon 5 Feat. Cardi B",
    "thumb": "../assets/img/c10.jpg",
    "uri": "https://itunes.apple.com/cn/album/girls-like-you/id1396383479?i=1396383939",
    "previewurl": "https://audio-ssl.itunes.apple.com/apple-assets-us-std-000001/AudioPreview125/v4/27/a0/69/27a0692a-0205-87f2-1fbf-eec75a5dc94d/mzaf_8399436585982263723.plus.aac.p.m4a",
    "img": "../assets/img/b11.jpg",
    "category": "Pop",
    "tag": "USA"
  },
  {
    "type": "audio",
    "id": "416737862",
    "title": "MIA",
    "subtitle": "Bad Bunny Feat. Drake",
    "thumb": "../assets/img/c11.jpg",
    "uri": "https://itunes.apple.com/cn/album/mia-feat-drake/id1438445670?i=1438445674",
    "previewurl": "https://audio-ssl.itunes.apple.com/apple-assets-us-std-000001/AudioPreview128/v4/54/29/c1/5429c111-92a4-a647-6e85-0577343fbf45/mzaf_5955739319318374110.plus.aac.p.m4a",
    "img": "../assets/img/b12.jpg",
    "category": "Latin",
    "tag": "all"
  },
  {
    "type": "audio",
    "id": "442173657",
    "title": "Sunflower (Spider-Man: Into the Spider-Verse)",
    "subtitle": "Post Malone & Swae Lee",
    "thumb": "../assets/img/c12.jpg",
    "uri": "https://itunes.apple.com/cn/album/sunflower-spider-man-into-the-spider-verse/id1439090291?i=1439090295",
    "previewurl": "https://audio-ssl.itunes.apple.com/apple-assets-us-std-000001/AudioPreview118/v4/11/72/7e/11727eb5-b6c6-f80f-ddd9-2fb9135c07b1/mzaf_3150787160306402060.plus.aac.p.m4a",
    "img": "../assets/img/b13.jpg",
    "category": "Rap",
    "tag": "USA"
  },
  {
    "type": "audio",
    "id": "434202110",
    "title": "SICKO MODE",
    "subtitle": "Travis Scott",
    "thumb": "../assets/img/c13.jpg",
    "uri": "https://itunes.apple.com/cn/album/sicko-mode/id1421241217?i=1421242781",
    "previewurl": "https://audio-ssl.itunes.apple.com/apple-assets-us-std-000001/AudioPreview128/v4/95/83/ee/9583ee9b-68bb-7e91-c032-1f8805157854/mzaf_896336562892407790.plus.aac.p.m4a",
    "img": "../assets/img/b14.jpg",
    "category": "Hip-Hop",
    "tag": "USA"
  },
  {
    "type": "audio",
    "id": "429946780",
    "title": "Eastside",
    "subtitle": "Benny Blanco, Halsey & Khalid",
    "thumb": "../assets/img/c14.jpg",
    "uri": "https://itunes.apple.com/cn/album/eastside/id1405952326?i=1405952327",
    "previewurl": "https://audio-ssl.itunes.apple.com/apple-assets-us-std-000001/AudioPreview125/v4/53/85/65/538565bd-5529-4d94-c5b0-5030ad266024/mzaf_72019562509153648.plus.aac.p.m4a",
    "img": "../assets/img/b15.jpg",
    "category": "Pop",
    "tag": "USA"
  },
  {
    "type": "audio",
    "id": "402107013",
    "title": "Later Bitches",
    "subtitle": "The Prince Karma",
    "thumb": "../assets/img/c15.jpg",
    "uri": "https://itunes.apple.com/cn/album/later-bitches/id1369253595?i=1369253917",
    "previewurl": "https://audio-ssl.itunes.apple.com/apple-assets-us-std-000001/AudioPreview118/v4/03/e5/25/03e52558-25b4-e41a-8b0a-c5ee14cf51de/mzaf_7464768196891763269.plus.aac.p.m4a",
    "img": "../assets/img/b16.jpg",
    "category": "Dance",
    "tag": "All"
  },
  {
    "type": "audio",
    "id": "443321905",
    "title": "ZEZE",
    "subtitle": "Kodak Black Feat. Offset & Travis Scott",
    "thumb": "../assets/img/c16.jpg",
    "uri": "https://itunes.apple.com/cn/album/zeze-feat-travis-scott-offset/id1438652330?i=1438652331",
    "previewurl": "https://audio-ssl.itunes.apple.com/apple-assets-us-std-000001/AudioPreview118/v4/aa/41/38/aa413803-5b2d-a5de-381f-351d5ebcc3cb/mzaf_2919139327828656331.plus.aac.p.m4a",
    "img": "../assets/img/b17.jpg",
    "category": "Rap",
    "tag": "USA"
  },
  {
    "type": "audio",
    "id": "413103901",
    "title": "Youngblood",
    "subtitle": "5 Seconds Of Summer",
    "thumb": "../assets/img/c17.jpg",
    "uri": "https://itunes.apple.com/cn/album/youngblood/id1369109074?i=1369109322",
    "previewurl": "https://audio-ssl.itunes.apple.com/apple-assets-us-std-000001/AudioPreview118/v4/a7/34/5a/a7345af4-5d3c-3736-5dd0-e9d051b0ded3/mzaf_6009557953366571039.plus.aac.p.m4a",
    "img": "../assets/img/b18.jpg",
    "category": "Pop",
    "tag": "Australia"
  },
  {
    "type": "audio",
    "id": "440180182",
    "title": "Let You Love Me",
    "subtitle": "Rita Ora",
    "thumb": "../assets/img/c18.jpg",
    "uri": "https://itunes.apple.com/cn/album/let-you-love-me/id1436560878?i=1436560886",
    "previewurl": "https://audio-ssl.itunes.apple.com/apple-assets-us-std-000001/AudioPreview128/v4/d0/94/1a/d0941aed-432a-7b25-44fb-6e16c58cbc86/mzaf_2496381949757242114.plus.aac.p.m4a",
    "img": "../assets/img/b19.jpg",
    "category": "Pop",
    "tag": "Kosovo"
  },
  {
    "type": "audio",
    "id": "442009655",
    "title": "Woman Like Me",
    "subtitle": "Little Mix Feat. Nicki Minaj",
    "thumb": "../assets/img/c19.jpg",
    "uri": "https://itunes.apple.com/cn/album/woman-like-me-feat-nicki-minaj/id1438533608?i=1438533761",
    "previewurl": "https://audio-ssl.itunes.apple.com/apple-assets-us-std-000001/AudioPreview128/v4/07/7e/24/077e2447-0d02-1c40-729b-a4a87e7ecd51/mzaf_3261492558713394996.plus.aac.p.m4a",
    "img": "../assets/img/b20.jpg",
    "category": "Pop",
    "tag": "England"
  },
  {
    "type": "audio",
    "id": "378918899",
    "title": "Body",
    "subtitle": "Loud Luxury Feat. Brando",
    "thumb": "../assets/img/c20.jpg",
    "uri": "https://itunes.apple.com/cn/album/body-feat-brando/id1296233038?i=1296233048",
    "previewurl": "https://audio-ssl.itunes.apple.com/apple-assets-us-std-000001/AudioPreview118/v4/c3/6c/db/c36cdbd0-304b-11b0-128d-eda635333cc8/mzaf_1033589088272334209.plus.aac.p.m4a",
    "img": "../assets/img/a1.jpg",
    "category": "Dance",
    "tag": "Canada"
  },
  {
    "type": "audio",
    "id": "439575216",
    "title": "Wake Up In The Sky",
    "subtitle": "Gucci Mane, Bruno Mars & Kodak Black",
    "thumb": "../assets/img/c21.jpg",
    "uri": "https://itunes.apple.com/cn/album/wake-up-in-the-sky/id1436076387?i=1436076396",
    "previewurl": "https://audio-ssl.itunes.apple.com/apple-assets-us-std-000001/AudioPreview118/v4/8f/84/bd/8f84bd09-94d3-d6f1-5fca-4b61d7ba135a/mzaf_69877628019454373.plus.aac.p.m4a",
    "img": "../assets/img/a2.jpg",
    "category": "Rap",
    "tag": "USA"
  },
  {
    "type": "audio",
    "id": "374705210",
    "title": "Mo Bamba",
    "subtitle": "Sheck Wes",
    "thumb": "../assets/img/c22.jpg",
    "uri": "https://itunes.apple.com/cn/album/mo-bamba/id1438063006?i=1438063138",
    "previewurl": "https://audio-ssl.itunes.apple.com/apple-assets-us-std-000001/AudioPreview118/v4/dc/c4/0b/dcc40b4d-283b-e9a2-6209-ca988087cc0e/mzaf_8137717147287964110.plus.aac.p.m4a",
    "img": "../assets/img/a3.jpg",
    "category": "Rap",
    "tag": "USA"
  },
  {
    "type": "audio",
    "id": "438654695",
    "title": "Say My Name",
    "subtitle": "David Guetta & Bebe Rexha & J Balvin",
    "thumb": "../assets/img/c23.jpg",
    "uri": "https://itunes.apple.com/cn/album/say-my-name/1439466058",
    "previewurl": "https://audio-ssl.itunes.apple.com/apple-assets-us-std-000001/AudioPreview128/v4/c1/60/68/c1606821-459e-0575-ad3b-6b291f2dbf66/mzaf_3521330005736623852.plus.aac.p.m4a",
    "img": "../assets/img/a4.jpg",
    "category": "Dance",
    "tag": "France"
  },
  {
    "type": "audio",
    "id": "416888150",
    "title": "Solo",
    "subtitle": "Clean Bandit Feat. Demi Lovato",
    "thumb": "../assets/img/c24.jpg",
    "uri": "https://itunes.apple.com/cn/album/solo-feat-demi-lovato/id1380752874?i=1380753466",
    "previewurl": "https://audio-ssl.itunes.apple.com/apple-assets-us-std-000001/AudioPreview118/v4/80/9c/c6/809cc6e9-c2e4-f300-921c-e37b5a4a6569/mzaf_4199798196739675159.plus.aac.p.m4a",
    "img": "../assets/img/a5.jpg",
    "category": "Dance",
    "tag": "England"
  },
  {
    "type": "audio",
    "id": "408576846",
    "title": "Shotgun",
    "subtitle": "George Ezra",
    "thumb": "../assets/img/c25.jpg",
    "uri": "https://itunes.apple.com/cn/album/shotgun/id1331589118?i=1331589486",
    "previewurl": "https://audio-ssl.itunes.apple.com/apple-assets-us-std-000001/AudioPreview128/v4/c9/1f/83/c91f83b2-38c7-3a93-fabe-2da29dc5c2a8/mzaf_5271705754245759426.plus.aac.p.m4a",
    "img": "../assets/img/a6.jpg",
    "category": "Rap",
    "tag": "England"
  },
  {
    "type": "audio",
    "id": "438035781",
    "title": "Survive",
    "subtitle": "Don Diablo Feat. Emeli Sandé & Gucci Mane",
    "thumb": "../assets/img/c26.jpg",
    "uri": "https://itunes.apple.com/cn/album/survive-feat-emeli-sand%C3%A9-gucci-mane/id1434775909?i=1434776016",
    "previewurl": "https://audio-ssl.itunes.apple.com/apple-assets-us-std-000001/AudioPreview128/v4/7f/d2/b9/7fd2b937-3565-7d34-ad20-eb820e995933/mzaf_1278318905199991361.plus.aac.p.m4a",
    "img": "../assets/img/a7.jpg",
    "category": "Dance",
    "tag": "Netherlands"
  },
  {
    "type": "audio",
    "id": "433873297",
    "title": "Beautiful",
    "subtitle": "Bazzi Feat. Camila Cabello",
    "thumb": "../assets/img/c27.jpg",
    "uri": "https://itunes.apple.com/cn/album/beautiful-feat-camila-cabello/id1419758421?i=1419758422",
    "previewurl": "https://audio-ssl.itunes.apple.com/apple-assets-us-std-000001/AudioPreview128/v4/61/21/7d/61217d02-2aea-96cc-f2f8-ff29a90cf043/mzaf_3962092115674978972.plus.aac.p.m4a",
    "img": "../assets/img/a8.jpg",
    "category": "Pop",
    "tag": "USA"
  },
  {
    "type": "audio",
    "id": "437608186",
    "title": "Love Someone",
    "subtitle": "Lukas Graham",
    "thumb": "../assets/img/c28.jpg",
    "uri": "https://itunes.apple.com/cn/album/love-someone/id1435336323?i=1435336327",
    "previewurl": "https://audio-ssl.itunes.apple.com/apple-assets-us-std-000001/AudioPreview128/v4/20/c7/47/20c74768-5ce8-52ca-c13e-d51fd1641ddb/mzaf_8197938095341255443.plus.aac.p.m4a",
    "img": "../assets/img/a9.jpg",
    "category": "Pop",
    "tag": "Denmark"
  },
  {
    "type": "audio",
    "id": "445112226",
    "title": "Baby",
    "subtitle": "Clean Bandit Feat. Marina and the Diamonds & Luis Fonsi",
    "thumb": "../assets/img/c29.jpg",
    "uri": "https://itunes.apple.com/cn/album/baby-feat-marina-and-the-diamonds-luis-fonsi/id1436738680?i=1436738924",
    "previewurl": "https://audio-ssl.itunes.apple.com/apple-assets-us-std-000001/AudioPreview118/v4/2d/ea/7e/2dea7e42-b98b-a7d2-10d5-6dbc835da539/mzaf_7531992205888527800.plus.aac.p.m4a",
    "img": "../assets/img/a10.jpg",
    "category": "Dance",
    "tag": "England"
  },
  {
    "type": "audio",
    "id": "414883687",
    "title": "Trampoline",
    "subtitle": "SHAED",
    "thumb": "../assets/img/c30.jpg",
    "uri": "https://itunes.apple.com/cn/album/trampoline/id1436515209?i=1436515644",
    "previewurl": "https://audio-ssl.itunes.apple.com/apple-assets-us-std-000001/AudioPreview128/v4/93/7c/36/937c363d-9099-71c3-a66c-070273c1c1a6/mzaf_2341219213485232355.plus.aac.p.m4a",
    "img": "../assets/img/a11.jpg",
    "category": "Pop",
    "tag": "USA"
  },
  {
    "type": "audio",
    "id": "434179154",
    "title": "Arms Around You",
    "subtitle": "XXXTENTACION & Lil Pump Feat. Swae Lee & Maluma",
    "thumb": "../assets/img/c31.jpg",
    "uri": "https://itunes.apple.com/cn/album/arms-around-you-feat-maluma-swae-lee/id1439775770?i=1439775779",
    "previewurl": "https://audio-ssl.itunes.apple.com/apple-assets-us-std-000001/AudioPreview128/v4/85/3a/89/853a8999-a985-b66a-4d8d-a260ce744728/mzaf_5634253487407986103.plus.aac.p.m4a",
    "img": "../assets/img/a12.jpg",
    "category": "Rap",
    "tag": "USA"
  },
  {
    "type": "audio",
    "id": "441677734",
    "title": "Uproar",
    "subtitle": "Lil Wayne",
    "thumb": "../assets/img/c32.jpg",
    "uri": "https://itunes.apple.com/cn/album/uproar/id1437591818?i=1437592171",
    "previewurl": "https://audio-ssl.itunes.apple.com/apple-assets-us-std-000001/AudioPreview128/v4/f0/96/02/f09602fc-40df-8f2e-1a19-e69b7bf746aa/mzaf_4452217425399550549.plus.aac.p.m4a",
    "img": "../assets/img/a13.jpg",
    "category": "Rap",
    "tag": "USA"
  },
  {
    "type": "audio",
    "id": "447549756",
    "title": "thank u, next",
    "subtitle": "Ariana Grande",
    "thumb": "../assets/img/c33.jpg",
    "uri": "https://itunes.apple.com/cn/album/thank-u-next/id1441178207?i=1441178213",
    "previewurl": "https://audio-ssl.itunes.apple.com/apple-assets-us-std-000001/AudioPreview118/v4/f0/93/72/f093723b-35d0-d99e-c89e-53ac67bcf24e/mzaf_6054509368688935276.plus.aac.p.m4a",
    "img": "../assets/img/a14.jpg",
    "category": "Pop",
    "tag": "USA"
  },
  {
    "type": "audio",
    "id": "439309038",
    "title": "Better",
    "subtitle": "Khalid",
    "thumb": "../assets/img/c34.jpg",
    "uri": "https://itunes.apple.com/cn/album/better/id1435947303?i=1435947518",
    "previewurl": "https://audio-ssl.itunes.apple.com/apple-assets-us-std-000001/AudioPreview128/v4/26/d1/f1/26d1f10f-723e-66c9-4355-9575f40bc85b/mzaf_5907372873406991062.plus.aac.p.m4a",
    "img": "../assets/img/a15.jpg",
    "category": "R&B",
    "tag": "USA"
  },
  {
    "type": "audio",
    "id": "438387803",
    "title": "Electricity",
    "subtitle": "Silk City & Dua Lipa Feat. Diplo & Mark Ronson",
    "thumb": "../assets/img/c35.jpg",
    "uri": "https://itunes.apple.com/cn/album/electricity-feat-diplo-mark-ronson/id1434745598?i=1434745795",
    "previewurl": "https://audio-ssl.itunes.apple.com/apple-assets-us-std-000001/AudioPreview118/v4/23/17/88/23178814-ef4f-1b4d-294d-89cd434941a2/mzaf_8868960744652419987.plus.aac.p.m4a",
    "img": "../assets/img/a16.jpg",
    "category": "Dance",
    "tag": "Other"
  }
]
